standardized_report_per_round,treatment,citation,payoff_mm,repeated,student,remote,internal_lying,control_rolls,true_distribution_text,continent,paper_title,country,weblink,subjects,percent,percent_1,percent_37,percent_38,percent_39,percent_40,percent_41,percent_42,percent_43,percent_44,percent_45,percent_46,percent_170,percent_296
-1,AB,Abeler 2015,25.392326,0,0,0,0,0,Uniform with ten states,Asia,A reporting experiment with Chinese professionals,China,Not available,60,5,5,,,,,,,,,,,,
-1,AN 1-10-100 (ANNOUNCED) LEVEL 1,Abeler & Nosenzo 2015,.099752635,0,1,0,0,0,Uniform with ten states,Europe,Lying and other preferences,Germany,Not available,169,7.1005917,,7.1005917,,,,,,,,,,,
-1,AN 100-10-1 (ANNOUNCED) LEVEL 10,Abeler & Nosenzo 2015,.99752635,0,1,0,0,0,Uniform with ten states,Europe,Lying and other preferences,Germany,Not available,155,3.8709679,,,,,,3.8709679,,,,,,,
-1,AN 100-10-1 (ANNOUNCED) LEVEL 1,Abeler & Nosenzo 2015,.099752635,0,1,0,0,0,Uniform with ten states,Europe,Lying and other preferences,Germany,Not available,155,3.2258062,,,,,3.2258062,,,,,,,,
-1,AN 100-10-1 (UNANNOUNCED) LEVEL 1,Abeler & Nosenzo 2015,.099752635,0,1,0,0,0,Uniform with ten states,Europe,Lying and other preferences,Germany,Not available,183,1.6393442,,,,,,,,1.6393442,,,,,
-1,AN 1-10-100 (ANNOUNCED) LEVEL 10,Abeler & Nosenzo 2015,.99752635,0,1,0,0,0,Uniform with ten states,Europe,Lying and other preferences,Germany,Not available,169,4.1420116,,,4.1420116,,,,,,,,,,
-1,AN 100-10-1 (UNANNOUNCED) LEVEL 100,Abeler & Nosenzo 2015,9.9752636,0,1,0,0,0,Uniform with ten states,Europe,Lying and other preferences,Germany,Not available,183,2.7322404,,,,,,,,,,2.7322404,,,
-1,GKS NON-OBSERVED BASIC,Gneezy et al. 2016,11.621805,0,1,0,0,0,Uniform with ten states,Europe,Lying Aversion and the Size of the Lie,Germany,https://papers.ssrn.com/sol3/papers.cfm?abstract_id=2852055,103,1.9417475,,,,,,,,,,,,1.9417475,
-1,AN 100-10-1 (UNANNOUNCED) LEVEL 10,Abeler & Nosenzo 2015,.99752635,0,1,0,0,0,Uniform with ten states,Europe,Lying and other preferences,Germany,Not available,183,3.2786884,,,,,,,,,3.2786884,,,,
-1,AN 1-10-100 (ANNOUNCED) LEVEL 100,Abeler & Nosenzo 2015,9.9752636,0,1,0,0,0,Uniform with ten states,Europe,Lying and other preferences,Germany,Not available,169,.59171599,,,,.59171599,,,,,,,,,
-1,ANR AGGREGATE_UNIFORM,Abeler et al. 2016,12.915453,0,1,0,0,0,Uniform with ten states,Europe,Preferences for truth-telling,United Kingdom,http://ftp.iza.org/dp10188.pdf,155,.64516127,,,,,,,,,,,.64516127,,
-1,AN 100-10-1 (ANNOUNCED) LEVEL 100,Abeler & Nosenzo 2015,9.9752636,0,1,0,0,0,Uniform with ten states,Europe,Lying and other preferences,Germany,Not available,155,0,,,,,,,0,,,,,,
-1,KG UNOBSERVED GAME,Kajackaite & Gneezy 2015,11.621805,0,1,0,0,0,Uniform with ten states,Europe,Lying Costs and Incentives,Germany,http://rady.ucsd.edu/docs/Kajackaite%20Lying%20Costs%20and%20Incentives.pdf,103,1.9417475,,,,,,,,,,,,,1.9417475
-.778,AN 100-10-1 (ANNOUNCED) LEVEL 10,Abeler & Nosenzo 2015,.99752635,0,1,0,0,0,Uniform with ten states,Europe,Lying and other preferences,Germany,Not available,155,5.1612902,,,,,,5.1612902,,,,,,,
-.778,ANR AGGREGATE_UNIFORM,Abeler et al. 2016,12.915453,0,1,0,0,0,Uniform with ten states,Europe,Preferences for truth-telling,United Kingdom,http://ftp.iza.org/dp10188.pdf,155,1.9354839,,,,,,,,,,,1.9354839,,
-.778,AN 100-10-1 (UNANNOUNCED) LEVEL 100,Abeler & Nosenzo 2015,9.9752636,0,1,0,0,0,Uniform with ten states,Europe,Lying and other preferences,Germany,Not available,183,3.8251367,,,,,,,,,,3.8251367,,,
-.778,AN 1-10-100 (ANNOUNCED) LEVEL 10,Abeler & Nosenzo 2015,.99752635,0,1,0,0,0,Uniform with ten states,Europe,Lying and other preferences,Germany,Not available,169,2.95858,,,2.95858,,,,,,,,,,
-.778,GKS NON-OBSERVED BASIC,Gneezy et al. 2016,11.621805,0,1,0,0,0,Uniform with ten states,Europe,Lying Aversion and the Size of the Lie,Germany,https://papers.ssrn.com/sol3/papers.cfm?abstract_id=2852055,103,3.8834951,,,,,,,,,,,,3.8834951,
-.778,KG UNOBSERVED GAME,Kajackaite & Gneezy 2015,11.621805,0,1,0,0,0,Uniform with ten states,Europe,Lying Costs and Incentives,Germany,http://rady.ucsd.edu/docs/Kajackaite%20Lying%20Costs%20and%20Incentives.pdf,103,3.8834951,,,,,,,,,,,,,3.8834951
-.778,AN 100-10-1 (ANNOUNCED) LEVEL 100,Abeler & Nosenzo 2015,9.9752636,0,1,0,0,0,Uniform with ten states,Europe,Lying and other preferences,Germany,Not available,155,2.5806451,,,,,,,2.5806451,,,,,,
-.778,AN 1-10-100 (ANNOUNCED) LEVEL 100,Abeler & Nosenzo 2015,9.9752636,0,1,0,0,0,Uniform with ten states,Europe,Lying and other preferences,Germany,Not available,169,1.183432,,,,1.183432,,,,,,,,,
-.778,AN 100-10-1 (ANNOUNCED) LEVEL 1,Abeler & Nosenzo 2015,.099752635,0,1,0,0,0,Uniform with ten states,Europe,Lying and other preferences,Germany,Not available,155,5.8064518,,,,,5.8064518,,,,,,,,
-.778,AB,Abeler 2015,25.392326,0,0,0,0,0,Uniform with ten states,Asia,A reporting experiment with Chinese professionals,China,Not available,60,5,5,,,,,,,,,,,,
-.778,AN 1-10-100 (ANNOUNCED) LEVEL 1,Abeler & Nosenzo 2015,.099752635,0,1,0,0,0,Uniform with ten states,Europe,Lying and other preferences,Germany,Not available,169,8.2840233,,8.2840233,,,,,,,,,,,
-.778,AN 100-10-1 (UNANNOUNCED) LEVEL 1,Abeler & Nosenzo 2015,.099752635,0,1,0,0,0,Uniform with ten states,Europe,Lying and other preferences,Germany,Not available,183,5.4644809,,,,,,,,5.4644809,,,,,
-.778,AN 100-10-1 (UNANNOUNCED) LEVEL 10,Abeler & Nosenzo 2015,.99752635,0,1,0,0,0,Uniform with ten states,Europe,Lying and other preferences,Germany,Not available,183,4.9180326,,,,,,,,,4.9180326,,,,
-.55599999,AN 1-10-100 (ANNOUNCED) LEVEL 1,Abeler & Nosenzo 2015,.099752635,0,1,0,0,0,Uniform with ten states,Europe,Lying and other preferences,Germany,Not available,169,9.4674559,,9.4674559,,,,,,,,,,,
-.55599999,AN 100-10-1 (ANNOUNCED) LEVEL 1,Abeler & Nosenzo 2015,.099752635,0,1,0,0,0,Uniform with ten states,Europe,Lying and other preferences,Germany,Not available,155,9.032258,,,,,9.032258,,,,,,,,
-.55599999,AN 100-10-1 (ANNOUNCED) LEVEL 10,Abeler & Nosenzo 2015,.99752635,0,1,0,0,0,Uniform with ten states,Europe,Lying and other preferences,Germany,Not available,155,5.8064518,,,,,,5.8064518,,,,,,,
-.55599999,AB,Abeler 2015,25.392326,0,0,0,0,0,Uniform with ten states,Asia,A reporting experiment with Chinese professionals,China,Not available,60,10,10,,,,,,,,,,,,
-.55599999,AN 100-10-1 (UNANNOUNCED) LEVEL 10,Abeler & Nosenzo 2015,.99752635,0,1,0,0,0,Uniform with ten states,Europe,Lying and other preferences,Germany,Not available,183,7.1038256,,,,,,,,,7.1038256,,,,
-.55599999,AN 100-10-1 (ANNOUNCED) LEVEL 100,Abeler & Nosenzo 2015,9.9752636,0,1,0,0,0,Uniform with ten states,Europe,Lying and other preferences,Germany,Not available,155,3.2258062,,,,,,,3.2258062,,,,,,
-.55599999,GKS NON-OBSERVED BASIC,Gneezy et al. 2016,11.621805,0,1,0,0,0,Uniform with ten states,Europe,Lying Aversion and the Size of the Lie,Germany,https://papers.ssrn.com/sol3/papers.cfm?abstract_id=2852055,103,2.9126215,,,,,,,,,,,,2.9126215,
-.55599999,AN 100-10-1 (UNANNOUNCED) LEVEL 1,Abeler & Nosenzo 2015,.099752635,0,1,0,0,0,Uniform with ten states,Europe,Lying and other preferences,Germany,Not available,183,5.4644809,,,,,,,,5.4644809,,,,,
-.55599999,KG UNOBSERVED GAME,Kajackaite & Gneezy 2015,11.621805,0,1,0,0,0,Uniform with ten states,Europe,Lying Costs and Incentives,Germany,http://rady.ucsd.edu/docs/Kajackaite%20Lying%20Costs%20and%20Incentives.pdf,103,2.9126215,,,,,,,,,,,,,2.9126215
-.55599999,AN 100-10-1 (UNANNOUNCED) LEVEL 100,Abeler & Nosenzo 2015,9.9752636,0,1,0,0,0,Uniform with ten states,Europe,Lying and other preferences,Germany,Not available,183,7.1038256,,,,,,,,,,7.1038256,,,
-.55599999,AN 1-10-100 (ANNOUNCED) LEVEL 100,Abeler & Nosenzo 2015,9.9752636,0,1,0,0,0,Uniform with ten states,Europe,Lying and other preferences,Germany,Not available,169,2.366864,,,,2.366864,,,,,,,,,
-.55599999,AN 1-10-100 (ANNOUNCED) LEVEL 10,Abeler & Nosenzo 2015,.99752635,0,1,0,0,0,Uniform with ten states,Europe,Lying and other preferences,Germany,Not available,169,5.91716,,,5.91716,,,,,,,,,,
-.55599999,ANR AGGREGATE_UNIFORM,Abeler et al. 2016,12.915453,0,1,0,0,0,Uniform with ten states,Europe,Preferences for truth-telling,United Kingdom,http://ftp.iza.org/dp10188.pdf,155,2.5806451,,,,,,,,,,,2.5806451,,
-.333,AN 100-10-1 (ANNOUNCED) LEVEL 100,Abeler & Nosenzo 2015,9.9752636,0,1,0,0,0,Uniform with ten states,Europe,Lying and other preferences,Germany,Not available,155,3.8709679,,,,,,,3.8709679,,,,,,
-.333,AN 100-10-1 (UNANNOUNCED) LEVEL 10,Abeler & Nosenzo 2015,.99752635,0,1,0,0,0,Uniform with ten states,Europe,Lying and other preferences,Germany,Not available,183,5.4644809,,,,,,,,,5.4644809,,,,
-.333,AN 100-10-1 (ANNOUNCED) LEVEL 10,Abeler & Nosenzo 2015,.99752635,0,1,0,0,0,Uniform with ten states,Europe,Lying and other preferences,Germany,Not available,155,5.1612902,,,,,,5.1612902,,,,,,,
-.333,AN 100-10-1 (ANNOUNCED) LEVEL 1,Abeler & Nosenzo 2015,.099752635,0,1,0,0,0,Uniform with ten states,Europe,Lying and other preferences,Germany,Not available,155,9.032258,,,,,9.032258,,,,,,,,
-.333,ANR AGGREGATE_UNIFORM,Abeler et al. 2016,12.915453,0,1,0,0,0,Uniform with ten states,Europe,Preferences for truth-telling,United Kingdom,http://ftp.iza.org/dp10188.pdf,155,4.516129,,,,,,,,,,,4.516129,,
-.333,AB,Abeler 2015,25.392326,0,0,0,0,0,Uniform with ten states,Asia,A reporting experiment with Chinese professionals,China,Not available,60,5,5,,,,,,,,,,,,
-.333,AN 1-10-100 (ANNOUNCED) LEVEL 1,Abeler & Nosenzo 2015,.099752635,0,1,0,0,0,Uniform with ten states,Europe,Lying and other preferences,Germany,Not available,169,13.609468,,13.609468,,,,,,,,,,,
-.333,AN 1-10-100 (ANNOUNCED) LEVEL 100,Abeler & Nosenzo 2015,9.9752636,0,1,0,0,0,Uniform with ten states,Europe,Lying and other preferences,Germany,Not available,169,4.1420116,,,,4.1420116,,,,,,,,,
-.333,GKS NON-OBSERVED BASIC,Gneezy et al. 2016,11.621805,0,1,0,0,0,Uniform with ten states,Europe,Lying Aversion and the Size of the Lie,Germany,https://papers.ssrn.com/sol3/papers.cfm?abstract_id=2852055,103,7.7669902,,,,,,,,,,,,7.7669902,
-.333,AN 100-10-1 (UNANNOUNCED) LEVEL 1,Abeler & Nosenzo 2015,.099752635,0,1,0,0,0,Uniform with ten states,Europe,Lying and other preferences,Germany,Not available,183,8.7431688,,,,,,,,8.7431688,,,,,
-.333,KG UNOBSERVED GAME,Kajackaite & Gneezy 2015,11.621805,0,1,0,0,0,Uniform with ten states,Europe,Lying Costs and Incentives,Germany,http://rady.ucsd.edu/docs/Kajackaite%20Lying%20Costs%20and%20Incentives.pdf,103,7.7669902,,,,,,,,,,,,,7.7669902
-.333,AN 1-10-100 (ANNOUNCED) LEVEL 10,Abeler & Nosenzo 2015,.99752635,0,1,0,0,0,Uniform with ten states,Europe,Lying and other preferences,Germany,Not available,169,8.8757401,,,8.8757401,,,,,,,,,,
-.333,AN 100-10-1 (UNANNOUNCED) LEVEL 100,Abeler & Nosenzo 2015,9.9752636,0,1,0,0,0,Uniform with ten states,Europe,Lying and other preferences,Germany,Not available,183,4.9180326,,,,,,,,,,4.9180326,,,
-.111,AN 100-10-1 (ANNOUNCED) LEVEL 100,Abeler & Nosenzo 2015,9.9752636,0,1,0,0,0,Uniform with ten states,Europe,Lying and other preferences,Germany,Not available,155,4.516129,,,,,,,4.516129,,,,,,
-.111,AN 1-10-100 (ANNOUNCED) LEVEL 100,Abeler & Nosenzo 2015,9.9752636,0,1,0,0,0,Uniform with ten states,Europe,Lying and other preferences,Germany,Not available,169,3.5502958,,,,3.5502958,,,,,,,,,
-.111,AN 100-10-1 (UNANNOUNCED) LEVEL 10,Abeler & Nosenzo 2015,.99752635,0,1,0,0,0,Uniform with ten states,Europe,Lying and other preferences,Germany,Not available,183,8.7431688,,,,,,,,,8.7431688,,,,
-.111,KG UNOBSERVED GAME,Kajackaite & Gneezy 2015,11.621805,0,1,0,0,0,Uniform with ten states,Europe,Lying Costs and Incentives,Germany,http://rady.ucsd.edu/docs/Kajackaite%20Lying%20Costs%20and%20Incentives.pdf,103,5.825243,,,,,,,,,,,,,5.825243
-.111,AN 1-10-100 (ANNOUNCED) LEVEL 1,Abeler & Nosenzo 2015,.099752635,0,1,0,0,0,Uniform with ten states,Europe,Lying and other preferences,Germany,Not available,169,11.242603,,11.242603,,,,,,,,,,,
-.111,GKS NON-OBSERVED BASIC,Gneezy et al. 2016,11.621805,0,1,0,0,0,Uniform with ten states,Europe,Lying Aversion and the Size of the Lie,Germany,https://papers.ssrn.com/sol3/papers.cfm?abstract_id=2852055,103,5.825243,,,,,,,,,,,,5.825243,
-.111,AN 100-10-1 (UNANNOUNCED) LEVEL 1,Abeler & Nosenzo 2015,.099752635,0,1,0,0,0,Uniform with ten states,Europe,Lying and other preferences,Germany,Not available,183,7.6502733,,,,,,,,7.6502733,,,,,
-.111,ANR AGGREGATE_UNIFORM,Abeler et al. 2016,12.915453,0,1,0,0,0,Uniform with ten states,Europe,Preferences for truth-telling,United Kingdom,http://ftp.iza.org/dp10188.pdf,155,3.2258062,,,,,,,,,,,3.2258062,,
-.111,AN 100-10-1 (ANNOUNCED) LEVEL 10,Abeler & Nosenzo 2015,.99752635,0,1,0,0,0,Uniform with ten states,Europe,Lying and other preferences,Germany,Not available,155,7.7419357,,,,,,7.7419357,,,,,,,
-.111,AN 100-10-1 (UNANNOUNCED) LEVEL 100,Abeler & Nosenzo 2015,9.9752636,0,1,0,0,0,Uniform with ten states,Europe,Lying and other preferences,Germany,Not available,183,7.6502733,,,,,,,,,,7.6502733,,,
-.111,AN 100-10-1 (ANNOUNCED) LEVEL 1,Abeler & Nosenzo 2015,.099752635,0,1,0,0,0,Uniform with ten states,Europe,Lying and other preferences,Germany,Not available,155,14.193548,,,,,14.193548,,,,,,,,
-.111,AN 1-10-100 (ANNOUNCED) LEVEL 10,Abeler & Nosenzo 2015,.99752635,0,1,0,0,0,Uniform with ten states,Europe,Lying and other preferences,Germany,Not available,169,4.1420116,,,4.1420116,,,,,,,,,,
-.111,AB,Abeler 2015,25.392326,0,0,0,0,0,Uniform with ten states,Asia,A reporting experiment with Chinese professionals,China,Not available,60,13.333334,13.333334,,,,,,,,,,,,
.111,AN 1-10-100 (ANNOUNCED) LEVEL 100,Abeler & Nosenzo 2015,9.9752636,0,1,0,0,0,Uniform with ten states,Europe,Lying and other preferences,Germany,Not available,169,5.91716,,,,5.91716,,,,,,,,,
.111,AN 1-10-100 (ANNOUNCED) LEVEL 10,Abeler & Nosenzo 2015,.99752635,0,1,0,0,0,Uniform with ten states,Europe,Lying and other preferences,Germany,Not available,169,10.650887,,,10.650887,,,,,,,,,,
.111,AN 100-10-1 (UNANNOUNCED) LEVEL 100,Abeler & Nosenzo 2015,9.9752636,0,1,0,0,0,Uniform with ten states,Europe,Lying and other preferences,Germany,Not available,183,6.5573769,,,,,,,,,,6.5573769,,,
.111,AN 100-10-1 (UNANNOUNCED) LEVEL 1,Abeler & Nosenzo 2015,.099752635,0,1,0,0,0,Uniform with ten states,Europe,Lying and other preferences,Germany,Not available,183,13.114754,,,,,,,,13.114754,,,,,
.111,AN 100-10-1 (UNANNOUNCED) LEVEL 10,Abeler & Nosenzo 2015,.99752635,0,1,0,0,0,Uniform with ten states,Europe,Lying and other preferences,Germany,Not available,183,9.2896175,,,,,,,,,9.2896175,,,,
.111,AN 100-10-1 (ANNOUNCED) LEVEL 100,Abeler & Nosenzo 2015,9.9752636,0,1,0,0,0,Uniform with ten states,Europe,Lying and other preferences,Germany,Not available,155,7.0967741,,,,,,,7.0967741,,,,,,
.111,AB,Abeler 2015,25.392326,0,0,0,0,0,Uniform with ten states,Asia,A reporting experiment with Chinese professionals,China,Not available,60,10,10,,,,,,,,,,,,
.111,GKS NON-OBSERVED BASIC,Gneezy et al. 2016,11.621805,0,1,0,0,0,Uniform with ten states,Europe,Lying Aversion and the Size of the Lie,Germany,https://papers.ssrn.com/sol3/papers.cfm?abstract_id=2852055,103,4.8543687,,,,,,,,,,,,4.8543687,
.111,AN 100-10-1 (ANNOUNCED) LEVEL 10,Abeler & Nosenzo 2015,.99752635,0,1,0,0,0,Uniform with ten states,Europe,Lying and other preferences,Germany,Not available,155,11.612904,,,,,,11.612904,,,,,,,
.111,ANR AGGREGATE_UNIFORM,Abeler et al. 2016,12.915453,0,1,0,0,0,Uniform with ten states,Europe,Preferences for truth-telling,United Kingdom,http://ftp.iza.org/dp10188.pdf,155,3.2258062,,,,,,,,,,,3.2258062,,
.111,AN 1-10-100 (ANNOUNCED) LEVEL 1,Abeler & Nosenzo 2015,.099752635,0,1,0,0,0,Uniform with ten states,Europe,Lying and other preferences,Germany,Not available,169,8.8757401,,8.8757401,,,,,,,,,,,
.111,AN 100-10-1 (ANNOUNCED) LEVEL 1,Abeler & Nosenzo 2015,.099752635,0,1,0,0,0,Uniform with ten states,Europe,Lying and other preferences,Germany,Not available,155,10.967742,,,,,10.967742,,,,,,,,
.111,KG UNOBSERVED GAME,Kajackaite & Gneezy 2015,11.621805,0,1,0,0,0,Uniform with ten states,Europe,Lying Costs and Incentives,Germany,http://rady.ucsd.edu/docs/Kajackaite%20Lying%20Costs%20and%20Incentives.pdf,103,4.8543687,,,,,,,,,,,,,4.8543687
.333,AN 100-10-1 (ANNOUNCED) LEVEL 100,Abeler & Nosenzo 2015,9.9752636,0,1,0,0,0,Uniform with ten states,Europe,Lying and other preferences,Germany,Not available,155,12.258064,,,,,,,12.258064,,,,,,
.333,ANR AGGREGATE_UNIFORM,Abeler et al. 2016,12.915453,0,1,0,0,0,Uniform with ten states,Europe,Preferences for truth-telling,United Kingdom,http://ftp.iza.org/dp10188.pdf,155,8.3870974,,,,,,,,,,,8.3870974,,
.333,AN 1-10-100 (ANNOUNCED) LEVEL 1,Abeler & Nosenzo 2015,.099752635,0,1,0,0,0,Uniform with ten states,Europe,Lying and other preferences,Germany,Not available,169,13.609468,,13.609468,,,,,,,,,,,
.333,AN 100-10-1 (UNANNOUNCED) LEVEL 10,Abeler & Nosenzo 2015,.99752635,0,1,0,0,0,Uniform with ten states,Europe,Lying and other preferences,Germany,Not available,183,10.382514,,,,,,,,,10.382514,,,,
.333,AN 1-10-100 (ANNOUNCED) LEVEL 100,Abeler & Nosenzo 2015,9.9752636,0,1,0,0,0,Uniform with ten states,Europe,Lying and other preferences,Germany,Not available,169,8.2840233,,,,8.2840233,,,,,,,,,
.333,AN 100-10-1 (ANNOUNCED) LEVEL 1,Abeler & Nosenzo 2015,.099752635,0,1,0,0,0,Uniform with ten states,Europe,Lying and other preferences,Germany,Not available,155,9.032258,,,,,9.032258,,,,,,,,
.333,KG UNOBSERVED GAME,Kajackaite & Gneezy 2015,11.621805,0,1,0,0,0,Uniform with ten states,Europe,Lying Costs and Incentives,Germany,http://rady.ucsd.edu/docs/Kajackaite%20Lying%20Costs%20and%20Incentives.pdf,103,5.825243,,,,,,,,,,,,,5.825243
.333,AN 1-10-100 (ANNOUNCED) LEVEL 10,Abeler & Nosenzo 2015,.99752635,0,1,0,0,0,Uniform with ten states,Europe,Lying and other preferences,Germany,Not available,169,11.242603,,,11.242603,,,,,,,,,,
.333,AN 100-10-1 (UNANNOUNCED) LEVEL 100,Abeler & Nosenzo 2015,9.9752636,0,1,0,0,0,Uniform with ten states,Europe,Lying and other preferences,Germany,Not available,183,9.8360653,,,,,,,,,,9.8360653,,,
.333,AN 100-10-1 (UNANNOUNCED) LEVEL 1,Abeler & Nosenzo 2015,.099752635,0,1,0,0,0,Uniform with ten states,Europe,Lying and other preferences,Germany,Not available,183,12.568305,,,,,,,,12.568305,,,,,
.333,AB,Abeler 2015,25.392326,0,0,0,0,0,Uniform with ten states,Asia,A reporting experiment with Chinese professionals,China,Not available,60,10,10,,,,,,,,,,,,
.333,AN 100-10-1 (ANNOUNCED) LEVEL 10,Abeler & Nosenzo 2015,.99752635,0,1,0,0,0,Uniform with ten states,Europe,Lying and other preferences,Germany,Not available,155,14.838709,,,,,,14.838709,,,,,,,
.333,GKS NON-OBSERVED BASIC,Gneezy et al. 2016,11.621805,0,1,0,0,0,Uniform with ten states,Europe,Lying Aversion and the Size of the Lie,Germany,https://papers.ssrn.com/sol3/papers.cfm?abstract_id=2852055,103,5.825243,,,,,,,,,,,,5.825243,
.55599999,GKS NON-OBSERVED BASIC,Gneezy et al. 2016,11.621805,0,1,0,0,0,Uniform with ten states,Europe,Lying Aversion and the Size of the Lie,Germany,https://papers.ssrn.com/sol3/papers.cfm?abstract_id=2852055,103,7.7669902,,,,,,,,,,,,7.7669902,
.55599999,AN 100-10-1 (ANNOUNCED) LEVEL 10,Abeler & Nosenzo 2015,.99752635,0,1,0,0,0,Uniform with ten states,Europe,Lying and other preferences,Germany,Not available,155,14.193548,,,,,,14.193548,,,,,,,
.55599999,AN 1-10-100 (ANNOUNCED) LEVEL 10,Abeler & Nosenzo 2015,.99752635,0,1,0,0,0,Uniform with ten states,Europe,Lying and other preferences,Germany,Not available,169,17.159763,,,17.159763,,,,,,,,,,
.55599999,AN 100-10-1 (UNANNOUNCED) LEVEL 100,Abeler & Nosenzo 2015,9.9752636,0,1,0,0,0,Uniform with ten states,Europe,Lying and other preferences,Germany,Not available,183,20.21858,,,,,,,,,,20.21858,,,
.55599999,AN 100-10-1 (ANNOUNCED) LEVEL 100,Abeler & Nosenzo 2015,9.9752636,0,1,0,0,0,Uniform with ten states,Europe,Lying and other preferences,Germany,Not available,155,12.258064,,,,,,,12.258064,,,,,,
.55599999,KG UNOBSERVED GAME,Kajackaite & Gneezy 2015,11.621805,0,1,0,0,0,Uniform with ten states,Europe,Lying Costs and Incentives,Germany,http://rady.ucsd.edu/docs/Kajackaite%20Lying%20Costs%20and%20Incentives.pdf,103,7.7669902,,,,,,,,,,,,,7.7669902
.55599999,ANR AGGREGATE_UNIFORM,Abeler et al. 2016,12.915453,0,1,0,0,0,Uniform with ten states,Europe,Preferences for truth-telling,United Kingdom,http://ftp.iza.org/dp10188.pdf,155,17.419355,,,,,,,,,,,17.419355,,
.55599999,AN 100-10-1 (UNANNOUNCED) LEVEL 10,Abeler & Nosenzo 2015,.99752635,0,1,0,0,0,Uniform with ten states,Europe,Lying and other preferences,Germany,Not available,183,12.568305,,,,,,,,,12.568305,,,,
.55599999,AN 1-10-100 (ANNOUNCED) LEVEL 100,Abeler & Nosenzo 2015,9.9752636,0,1,0,0,0,Uniform with ten states,Europe,Lying and other preferences,Germany,Not available,169,15.976331,,,,15.976331,,,,,,,,,
.55599999,AB,Abeler 2015,25.392326,0,0,0,0,0,Uniform with ten states,Asia,A reporting experiment with Chinese professionals,China,Not available,60,13.333334,13.333334,,,,,,,,,,,,
.55599999,AN 1-10-100 (ANNOUNCED) LEVEL 1,Abeler & Nosenzo 2015,.099752635,0,1,0,0,0,Uniform with ten states,Europe,Lying and other preferences,Germany,Not available,169,10.650887,,10.650887,,,,,,,,,,,
.55599999,AN 100-10-1 (UNANNOUNCED) LEVEL 1,Abeler & Nosenzo 2015,.099752635,0,1,0,0,0,Uniform with ten states,Europe,Lying and other preferences,Germany,Not available,183,9.2896175,,,,,,,,9.2896175,,,,,
.55599999,AN 100-10-1 (ANNOUNCED) LEVEL 1,Abeler & Nosenzo 2015,.099752635,0,1,0,0,0,Uniform with ten states,Europe,Lying and other preferences,Germany,Not available,155,11.612904,,,,,11.612904,,,,,,,,
.778,AB,Abeler 2015,25.392326,0,0,0,0,0,Uniform with ten states,Asia,A reporting experiment with Chinese professionals,China,Not available,60,13.333334,13.333334,,,,,,,,,,,,
.778,AN 1-10-100 (ANNOUNCED) LEVEL 100,Abeler & Nosenzo 2015,9.9752636,0,1,0,0,0,Uniform with ten states,Europe,Lying and other preferences,Germany,Not available,169,22.485207,,,,22.485207,,,,,,,,,
.778,AN 100-10-1 (ANNOUNCED) LEVEL 100,Abeler & Nosenzo 2015,9.9752636,0,1,0,0,0,Uniform with ten states,Europe,Lying and other preferences,Germany,Not available,155,25.80645,,,,,,,25.80645,,,,,,
.778,GKS NON-OBSERVED BASIC,Gneezy et al. 2016,11.621805,0,1,0,0,0,Uniform with ten states,Europe,Lying Aversion and the Size of the Lie,Germany,https://papers.ssrn.com/sol3/papers.cfm?abstract_id=2852055,103,22.330097,,,,,,,,,,,,22.330097,
.778,AN 100-10-1 (UNANNOUNCED) LEVEL 10,Abeler & Nosenzo 2015,.99752635,0,1,0,0,0,Uniform with ten states,Europe,Lying and other preferences,Germany,Not available,183,13.114754,,,,,,,,,13.114754,,,,
.778,KG UNOBSERVED GAME,Kajackaite & Gneezy 2015,11.621805,0,1,0,0,0,Uniform with ten states,Europe,Lying Costs and Incentives,Germany,http://rady.ucsd.edu/docs/Kajackaite%20Lying%20Costs%20and%20Incentives.pdf,103,22.330097,,,,,,,,,,,,,22.330097
.778,AN 100-10-1 (UNANNOUNCED) LEVEL 1,Abeler & Nosenzo 2015,.099752635,0,1,0,0,0,Uniform with ten states,Europe,Lying and other preferences,Germany,Not available,183,13.114754,,,,,,,,13.114754,,,,,
.778,AN 100-10-1 (UNANNOUNCED) LEVEL 100,Abeler & Nosenzo 2015,9.9752636,0,1,0,0,0,Uniform with ten states,Europe,Lying and other preferences,Germany,Not available,183,15.846994,,,,,,,,,,15.846994,,,
.778,AN 100-10-1 (ANNOUNCED) LEVEL 10,Abeler & Nosenzo 2015,.99752635,0,1,0,0,0,Uniform with ten states,Europe,Lying and other preferences,Germany,Not available,155,16.129032,,,,,,16.129032,,,,,,,
.778,AN 1-10-100 (ANNOUNCED) LEVEL 1,Abeler & Nosenzo 2015,.099752635,0,1,0,0,0,Uniform with ten states,Europe,Lying and other preferences,Germany,Not available,169,11.242603,,11.242603,,,,,,,,,,,
.778,AN 100-10-1 (ANNOUNCED) LEVEL 1,Abeler & Nosenzo 2015,.099752635,0,1,0,0,0,Uniform with ten states,Europe,Lying and other preferences,Germany,Not available,155,15.483871,,,,,15.483871,,,,,,,,
.778,ANR AGGREGATE_UNIFORM,Abeler et al. 2016,12.915453,0,1,0,0,0,Uniform with ten states,Europe,Preferences for truth-telling,United Kingdom,http://ftp.iza.org/dp10188.pdf,155,25.161289,,,,,,,,,,,25.161289,,
.778,AN 1-10-100 (ANNOUNCED) LEVEL 10,Abeler & Nosenzo 2015,.99752635,0,1,0,0,0,Uniform with ten states,Europe,Lying and other preferences,Germany,Not available,169,15.384616,,,15.384616,,,,,,,,,,
1,AN 1-10-100 (ANNOUNCED) LEVEL 100,Abeler & Nosenzo 2015,9.9752636,0,1,0,0,0,Uniform with ten states,Europe,Lying and other preferences,Germany,Not available,169,35.50296,,,,35.50296,,,,,,,,,
1,AN 1-10-100 (ANNOUNCED) LEVEL 10,Abeler & Nosenzo 2015,.99752635,0,1,0,0,0,Uniform with ten states,Europe,Lying and other preferences,Germany,Not available,169,19.526628,,,19.526628,,,,,,,,,,
1,AN 100-10-1 (UNANNOUNCED) LEVEL 10,Abeler & Nosenzo 2015,.99752635,0,1,0,0,0,Uniform with ten states,Europe,Lying and other preferences,Germany,Not available,183,25.13661,,,,,,,,,25.13661,,,,
1,AN 100-10-1 (ANNOUNCED) LEVEL 10,Abeler & Nosenzo 2015,.99752635,0,1,0,0,0,Uniform with ten states,Europe,Lying and other preferences,Germany,Not available,155,15.483871,,,,,,15.483871,,,,,,,
1,ANR AGGREGATE_UNIFORM,Abeler et al. 2016,12.915453,0,1,0,0,0,Uniform with ten states,Europe,Preferences for truth-telling,United Kingdom,http://ftp.iza.org/dp10188.pdf,155,32.903229,,,,,,,,,,,32.903229,,
1,AN 100-10-1 (UNANNOUNCED) LEVEL 100,Abeler & Nosenzo 2015,9.9752636,0,1,0,0,0,Uniform with ten states,Europe,Lying and other preferences,Germany,Not available,183,21.311476,,,,,,,,,,21.311476,,,
1,KG UNOBSERVED GAME,Kajackaite & Gneezy 2015,11.621805,0,1,0,0,0,Uniform with ten states,Europe,Lying Costs and Incentives,Germany,http://rady.ucsd.edu/docs/Kajackaite%20Lying%20Costs%20and%20Incentives.pdf,103,36.893204,,,,,,,,,,,,,36.893204
1,AN 1-10-100 (ANNOUNCED) LEVEL 1,Abeler & Nosenzo 2015,.099752635,0,1,0,0,0,Uniform with ten states,Europe,Lying and other preferences,Germany,Not available,169,5.91716,,5.91716,,,,,,,,,,,
1,AN 100-10-1 (UNANNOUNCED) LEVEL 1,Abeler & Nosenzo 2015,.099752635,0,1,0,0,0,Uniform with ten states,Europe,Lying and other preferences,Germany,Not available,183,22.950819,,,,,,,,22.950819,,,,,
1,GKS NON-OBSERVED BASIC,Gneezy et al. 2016,11.621805,0,1,0,0,0,Uniform with ten states,Europe,Lying Aversion and the Size of the Lie,Germany,https://papers.ssrn.com/sol3/papers.cfm?abstract_id=2852055,103,36.893204,,,,,,,,,,,,36.893204,
1,AB,Abeler 2015,25.392326,0,0,0,0,0,Uniform with ten states,Asia,A reporting experiment with Chinese professionals,China,Not available,60,15.000001,15.000001,,,,,,,,,,,,
1,AN 100-10-1 (ANNOUNCED) LEVEL 100,Abeler & Nosenzo 2015,9.9752636,0,1,0,0,0,Uniform with ten states,Europe,Lying and other preferences,Germany,Not available,155,28.387096,,,,,,,28.387096,,,,,,
1,AN 100-10-1 (ANNOUNCED) LEVEL 1,Abeler & Nosenzo 2015,.099752635,0,1,0,0,0,Uniform with ten states,Europe,Lying and other preferences,Germany,Not available,155,11.612904,,,,,11.612904,,,,,,,,
