standardized_report_per_round,treatment,citation,payoff_mm,repeated,student,remote,internal_lying,control_rolls,true_distribution_text,continent,paper_title,country,weblink,subjects,percent,percent_126,percent_127
-1,DGV COLOURED LAB+FIELD,Dai et al. 2016,6.4565582,0,0,0,0,1,Uniform with three states,Europe,Cheating in the Lab Predicts Fraud in the Field. An Experiment in Public Transportations,France,http://papers.ssrn.com/sol3/papers.cfm?abstract_id=2725168,279,7.8853049,7.8853049,
-1,DGV COLOURED STUDENTS,Dai et al. 2016,6.4565582,0,1,0,0,1,Uniform with three states,Europe,Cheating in the Lab Predicts Fraud in the Field. An Experiment in Public Transportations,France,http://papers.ssrn.com/sol3/papers.cfm?abstract_id=2725168,105,11.428572,,11.428572
.14300001,DGV COLOURED STUDENTS,Dai et al. 2016,6.4565582,0,1,0,0,1,Uniform with three states,Europe,Cheating in the Lab Predicts Fraud in the Field. An Experiment in Public Transportations,France,http://papers.ssrn.com/sol3/papers.cfm?abstract_id=2725168,105,26.666668,,26.666668
.14300001,DGV COLOURED LAB+FIELD,Dai et al. 2016,6.4565582,0,0,0,0,1,Uniform with three states,Europe,Cheating in the Lab Predicts Fraud in the Field. An Experiment in Public Transportations,France,http://papers.ssrn.com/sol3/papers.cfm?abstract_id=2725168,279,36.917561,36.917561,
1,DGV COLOURED STUDENTS,Dai et al. 2016,6.4565582,0,1,0,0,1,Uniform with three states,Europe,Cheating in the Lab Predicts Fraud in the Field. An Experiment in Public Transportations,France,http://papers.ssrn.com/sol3/papers.cfm?abstract_id=2725168,105,61.904762,,61.904762
1,DGV COLOURED LAB+FIELD,Dai et al. 2016,6.4565582,0,0,0,0,1,Uniform with three states,Europe,Cheating in the Lab Predicts Fraud in the Field. An Experiment in Public Transportations,France,http://papers.ssrn.com/sol3/papers.cfm?abstract_id=2725168,279,55.197132,55.197132,
