{"chunk_definitions":[{"chunk_id":"csetup_chunk","chunk_label":"setup","document_id":"EF6A1499","expansion_state":0,"options":{"engine":"r","include":false,"label":"setup"},"row":7,"row_count":1,"visible":true},{"chunk_id":"cfgv2j7ixyecw","chunk_label":"unnamed-chunk-1","document_id":"EF6A1499","expansion_state":0,"options":{"engine":"r","label":"unnamed-chunk-1"},"row":38,"row_count":1,"visible":true},{"chunk_id":"cdh096zu3cs8a","chunk_label":"unnamed-chunk-2","document_id":"EF6A1499","expansion_state":0,"options":{"engine":"r","label":"unnamed-chunk-3"},"row":44,"row_count":1,"visible":true}],"doc_write_time":1488538566}